{"cameraMode":{"drawMode":0,"name":"Shaded","section":"Shading Mode"},"sceneLighting":false,"audioPlay":false,"sceneViewState":{"showFog":true,"showMaterialUpdate":false,"showSkybox":false,"showFlares":true,"showImageEffects":true,"showParticleSystems":true},"in2DMode":false,"pivot":{"x":566.7828369140625,"y":543.4965209960938,"z":28.525930404663087},"rotation":{"x":-0.6001794934272766,"y":-0.0160733200609684,"z":0.012033571489155293,"w":-0.7997196912765503},"size":156.53274536132813,"orthographic":false}