{"cameraMode":{"drawMode":0,"name":"Shaded","section":"Shading Mode"},"sceneLighting":false,"audioPlay":false,"sceneViewState":{"showFog":true,"showMaterialUpdate":false,"showSkybox":false,"showFlares":true,"showImageEffects":true,"showParticleSystems":true},"in2DMode":false,"pivot":{"x":-2.528331756591797,"y":99.53717803955078,"z":-23.83209991455078},"rotation":{"x":-0.6459832191467285,"y":0.0015956790884956718,"z":-0.0013609302695840598,"w":-0.7633531093597412},"size":22.0,"orthographic":false}