{"cameraMode":{"drawMode":0,"name":"Shaded","section":"Shading Mode"},"sceneLighting":false,"audioPlay":false,"sceneViewState":{"showFog":true,"showMaterialUpdate":false,"showSkybox":false,"showFlares":true,"showImageEffects":true,"showParticleSystems":true},"in2DMode":false,"pivot":{"x":-0.6290814876556397,"y":1.6024789810180665,"z":1.4040520191192628},"rotation":{"x":-0.03297606110572815,"y":-0.9667324423789978,"z":0.19276180863380433,"w":-0.16548240184783936},"size":0.7476999163627625,"orthographic":false}