{"cameraMode":{"drawMode":0,"name":"Shaded","section":"Shading Mode"},"sceneLighting":false,"audioPlay":false,"sceneViewState":{"showFog":true,"showMaterialUpdate":false,"showSkybox":false,"showFlares":true,"showImageEffects":true,"showParticleSystems":true},"in2DMode":false,"pivot":{"x":0.04550907015800476,"y":0.3329976201057434,"z":0.34224367141723635},"rotation":{"x":0.0013122704112902284,"y":0.9984314441680908,"z":0.05215565115213394,"w":-0.026011129841208459},"size":-0.02475905418395996,"orthographic":false}